id,first_name,last_name,email,gender,ip_address,description,country,city,Text,mode,remark,amount,accountNumber
816612226,Christabella,Duckworth,cduckworth0@youku.com,Female,36.165.153.104,1-510 - Temporary Utilities,Bolivia,San Juan del SurutÃº,Â¡â„¢Â£Â¢âˆÂ§Â¶â€¢ÂªÂºâ€“â‰ ,Energy,2-500 - Utility Services,$6.45 ,123
4559409668,Hali,Geroldi,hgeroldi1@soundcloud.com,Agender,161.80.13.185,6-600 - Plastic Fabrications,France,Nantes,0/0,Finance,2-300 - Earthwork,$3.91 ,123
160534194,Sada,De Atta,sdeatta2@reference.com,Polygender,196.218.96.84,12-600 - Multiple Seating,China,Xinxing,ãƒ»(ï¿£âˆ€ï¿£)ãƒ»:*:,n/a,15-300 - Fire Protection Piping,$0.75 ,123
1783524758,Hernando,Grandham,hgrandham3@youtube.com,Male,127.217.169.116,13-200 - Storage Tanks,Cuba,Centro Habana,null,Consumer Services,2-220 - Site Demolition,$5.99 ,123
2733774573,Imogen,Baugham,ibaugham4@example.com,Non-binary,196.137.221.45,4-050 - Basic Masonry Materials and Methods,Myanmar,Myitkyina,ã€€,Health Care,11-150 - Parking Control Equipment,$0.58 ,123
9287488436,Gualterio,McKomb,gmckomb5@ustream.tv,Genderqueer,186.236.170.102,1-560 - Temporary Barriers and Enclosures,Indonesia,Pakel,Jan-00,n/a,3-000 - General,$4.96 ,123
6071687187,Enriqueta,Zebedee,ezebedee6@timesonline.co.uk,Non-binary,28.220.182.59,9-500 - Ceilings,Peru,San Marcos,1.00E+02,n/a,4-050 - Basic Masonry Materials and Methods,$9.61 ,123
3355990825,Nelia,Kliemann,nkliemann7@fema.gov,Agender,193.146.61.61,15-050 - Basic Mechanical Materials and Methods,Poland,SuraÅ¼,âœ‹ğŸ¿ ğŸ’ªğŸ¿ ğŸ‘ğŸ¿ ğŸ™ŒğŸ¿ ğŸ‘ğŸ¿ ğŸ™ğŸ¿,n/a,5-800 - Expansion Control,$2.67 ,123
83273794,Ruddy,Yea,ryea8@plala.or.jp,Genderqueer,174.134.247.130,2-812 - Drip Irrigation,France,Rueil-Malmaison,./;'[]\-=,Consumer Durables,11 - Equipment,$4.50 ,123
7725000682,Davey,Marunchak,dmarunchak9@cornell.edu,Non-binary,93.183.175.157,1-570 - Temporary Controls,United States,Santa Fe,Å“âˆ‘Â´Â®â€ Â¥Â¨Ë†Ã¸Ï€â€œâ€˜,Public Utilities,2-000 - General,$4.31 ,123
2329770820,Glyn,Hallibone,ghallibonea@zimbio.com,Agender,2.115.249.69,1-013 - Project Coordinator,France,Paris 15,â€‹,Health Care,2-870 - Sculpture/Ornamental,$3.19 ,123
7071565260,Jaime,Rozec,jrozecb@go.com,Genderfluid,57.179.240.69,6-500 - Structural Plastics,Brazil,TramandaÃ­,-1,Capital Goods,2-250 - Shoring and Underpinning,$0.26 ,123
4387369884,Darius,Briggdale,dbriggdalec@washington.edu,Non-binary,43.108.148.57,2-770 - Curb and Gutters,Vietnam,ThÃ nh Phá»‘ Nam Äá»‹nh,-1.00E+02,n/a,8-900 - Glazed Curtain Wall,$3.13 ,123
609108840,Star,Stening,ssteningd@bbb.org,Polygender,156.154.170.56,2-919 - Topsoil,France,Bourg-en-Bresse,ğŸµ ğŸ™ˆ ğŸ™‰ ğŸ™Š,n/a,2-362 - Termite Control,$6.33 ,123
4761428031,Charita,Petcher,cpetchere@yale.edu,Male,15.199.203.171,11-450 - Residential Equipment,China,Kelin,../../../../../../../../../../../etc/passwd%00,Finance,9-680 - Carpet,$1.63 ,123
2451503424,Keriann,Joskovitch,kjoskovitchf@flickr.com,Non-binary,120.176.70.254,13-100 - Lightning Protection,Russia,Kolpny,1,Finance,15-050 - Basic Mechanical Materials and Methods,$9.26 ,123
6817711754,Trude,Grouse,tgrouseg@simplemachines.org,Bigender,175.13.37.7,10-670 - Storage Shelving,Czech Republic,ÄŒÃ­Å¾kovice,Å“âˆ‘Â´Â®â€ Â¥Â¨Ë†Ã¸Ï€â€œâ€˜,n/a,11-650 - Planetarium Equipment,$1.74 ,123
739954601,Urbano,Callway,ucallwayh@clickbank.net,Non-binary,183.214.16.249,13-120 - Pre-Engineered Structures,Japan,ShingÅ«,ğŸ‘©ğŸ½,Technology,2-317 - Select Borrow,$9.16 ,123
1016022123,Benedick,McFater,bmcfateri@bluehost.com,Male,247.87.25.105,4-700 - Simulated Masonry,Sweden,SjÃ¤levad,â¦testâ§,Finance,2-370 - Erosion and Sedimentation Control,$3.13 ,123
4964386279,Merrie,Trice,mtricej@flavors.me,Female,107.100.201.2,13-080 - Sound Vibration and Seismic Control,Peru,Santa Ana,â€©testâ€©,n/a,10-600 - Partitions,$9.78 ,123
1142411222,Carla,Yanukhin,cyanukhink@netscape.com,Polygender,105.225.136.150,13-020 - Building Modules,Chile,Putre,-1.00E+02,Technology,15-700 - Heating Venting and Air Conditioning,$0.88 ,123
9124484563,Elianore,Godden,egoddenl@nps.gov,Polygender,56.115.103.145,11-020 - Security and Vault Equipment,Syria,Saâ€˜saâ€˜,',Consumer Durables,4-800 - Masonry Assemblies,$9.82 ,123
8644274503,Ardath,Bifield,abifieldm@github.com,Male,138.57.200.8,2-915 - Mulch,Dominican Republic,Puerto Plata,-1.00E+02,n/a,15-950 - Testing Adjusting and Balancing,$6.36 ,123
2087605130,Bart,Cruces,bcrucesn@multiply.com,Genderqueer,126.143.134.245,3-100 - Concrete Reinforcement,Morocco,Tidili Mesfioua,ç¤¾æœƒç§‘å­¸é™¢èªå­¸ç ”ç©¶æ‰€,Finance,11-470 - Darkroom Equipment,$2.47 ,123
1857672623,Sterne,Exrol,sexrolo@360.cn,Genderqueer,113.171.55.244,11-400 - Food Service Equipment,Indonesia,Nangkasari,ğŸµ ğŸ™ˆ ğŸ™‰ ğŸ™Š,Finance,11-070 - Instrumental Equipment,$4.73 ,123
1444251589,Erick,Munt,emuntp@eepurl.com,Bigender,197.83.2.91,8-500 - Windows,Indonesia,Demuk,(â•¯Â°â–¡Â°ï¼‰â•¯ï¸µ â”»â”â”»)  ,Finance,7-500 - Membrane Roofing,$2.37 ,123
3703015594,Clementius,Huttley,chuttleyq@goo.gl,Bigender,70.31.205.74,1-517 - Temporary Telephone,Indonesia,Bangbayang,â°â´âµ,Consumer Non-Durables,6-200 - Finish Carpentry,$0.12 ,123
2414894342,Konstanze,Heape,kheaper@flickr.com,Genderfluid,161.73.241.203,7-100 - Damproofing and Waterproofing,China,Jindou,ğŸš¾ ğŸ†’ ğŸ†“ ğŸ†• ğŸ†– ğŸ†— ğŸ†™ ğŸ§,Transportation,15-800 - Air Distribution,$3.19 ,123
8603036195,Carr,Axworthy,caxworthys@slideshare.net,Genderfluid,147.173.225.93,2-795 - Porous Paving,Sweden,Ã…tvidaberg,',Consumer Durables,5-800 - Expansion Control,$2.64 ,123
2662642351,Emilia,Mallinson,emallinsont@redcross.org,Agender,75.254.91.217,2-770 - Curb and Gutters,Indonesia,Sukakerta,â¡,Finance,2-315 - Excavation,$9.81 ,123
6241470353,Gregorio,Turl,gturlu@reuters.com,Polygender,176.245.8.139,5 - Metals,Nigeria,Obubra,Ì¦HÍÌ¬Ì¤Ì—Ì¤eÍœ ÍÌœÌ¥ÌÌ»ÍÌŸwÌ•hÌ–Ì¯Í“oÌÍ™Ì–ÍÌ±Ì® Ò‰ÌºÌ™ÌÌŸÍˆWÌ·Ì¼Ì­aÌºÌªÍiÌ¨ÍˆÍ•Ì­Í™Ì¯ÌœtÌ¶Ì¼Ì®sÌ•Ì˜Í™Í– Ì Ì«Ì BÌ»ÍÍ…Í™Í‰Ì³eÌµhÌµÌ¬Í‡Ì«Í™iÌ•Ì¹Í“Ì³Ì³Ì®ÍÌ«nÍŸdÌ´ÌªÌœÌ– ÍÌ°Í‰Ì©Í…Í‡Í™Ì²TÍ¢Í–Ì¼Í“ÌªhÍÍ“Ì®Ì»eÌ¬ÌÍ…ÌŸ Ì¤Ì¹ÌWÍÍ…Í™ÌÌÍ”Í‡aÍÍ“Í”Ì¹Ì¼Ì£lÌ´Í”Ì°Ì¤ÌŸÍ”lÌ­Ì«.Í•,Finance,1-013 - Project Coordinator,$2.58 ,123
5924562557,Elwira,Argont,eargontv@ocn.ne.jp,Non-binary,47.5.3.85,13-020 - Building Modules,United States,Wilmington,Ì¡Í“Í…ÌIÍÌ—Ì˜Ì¦nÍ‡Í‡Í™vÌ®Ì«okÌ²Ì«Ì™ÍˆiÌ–Í™Ì­Ì¹Ì ÌnÌ¡Ì»Ì®Ì£ÌºgÌ²ÍˆÍ™Ì­Í™Ì¬Í Ì°tÍ”Ì¦hÌÌ²eÌ¢Ì¤ ÍÌ¬Ì²Í–fÌ´Ì˜Í•Ì£eÍ€Í–eÌ£Ì¥Ì©lÍ–Í”ÍšiÍ Í“ÍšÌ¦nÍ–ÍÌ—Í“Ì³Ì®gÍ Ì¨oÍ¡ÍšÌªfÌ˜Ì£Ì¬ Ì–Ì˜Í–ÌŸÍ™Ì®cÒ‰Í”Ì«Í–Í“Í‡Í–Í…hÌµÌ¤Ì£ÍšÍ”aÍÌ—Ì¼Í…Í•oÌ¼Ì£Ì¥sÍ¢Ì±ÍˆÌºÌ–Ì¦Ì».Ì›Ì–ÌÌ Ì«Ì°,Consumer Non-Durables,2-823 - PVC Fences and Gates,$5.10 ,123
9214176787,Maryanne,Swallwell,mswallwellw@cbslocal.com,Genderqueer,194.222.213.180,10-250 - Service Walls,Indonesia,Curahpacul Satu,1.00E+02,Finance,16 - Electrical,$4.63 ,123
2423832370,Damien,Petrushkevich,dpetrushkevichx@alibaba.com,Bigender,125.243.164.196,6-050 - Basic Wood and Plastic Materials and Methods,Kazakhstan,Shar,',Basic Industries,1-518 - Temporary Water,$2.21 ,123
2409398669,Belle,Goreisr,bgoreisry@tuttocitta.it,Genderqueer,160.74.113.0,2-800 - Site Amenities,Afghanistan,MandÅl,,Transportation,10-300 - Fireplaces and Stoves,$5.08 ,123
5667216167,Kincaid,Flooks,kflooksz@shinystat.com,Non-binary,151.51.84.18,1-700 - Execution Requirements,Canada,Manning,ç”°ä¸­ã•ã‚“ã«ã‚ã’ã¦ä¸‹ã•ã„,Basic Industries,11-090 - Checkroom Equipment,$2.53 ,123
3825715671,Ansley,Cheke,acheke10@hhs.gov,Male,252.192.65.97,6-600 - Plastic Fabrications,Czech Republic,Hovorany,ìš¸ë€ë°”í† ë¥´,Technology,13-030 - Special Purpose Rooms,$7.79 ,123
7400746782,Nikolaus,Covolini,ncovolini11@ow.ly,Bigender,106.41.133.239,2-850 - Bridges/Footbridges,Indonesia,Cimuncang,ç”°ä¸­ã•ã‚“ã«ã‚ã’ã¦ä¸‹ã•ã„,Capital Goods,2-919 - Topsoil,$4.35 ,123
271315369,Jen,Culvey,jculvey12@icio.us,Agender,157.161.159.135,2-362 - Termite Control,China,Zhentian,×‘Ö¼Ö°×¨Öµ××©×Ö´×™×ª ×‘Ö¼Ö¸×¨Ö¸× ×Ö±×œÖ¹×”Ö´×™× ×Öµ×ª ×”Ö·×©Ö¼×Ö¸×Ö·×™Ö´× ×•Ö°×Öµ×ª ×”Ö¸×Ö¸×¨Ö¶×¥,Finance,3-310 - Expansion Joints,$6.02 ,123
2498355782,Stefa,Vedenyapin,svedenyapin13@whitehouse.gov,Non-binary,201.248.30.216,11-650 - Planetarium Equipment,Syria,Tadmur,"""""",Finance,2-915 - Mulch,$0.27 ,123
7356049538,Flora,Corder,fcorder14@youtube.com,Male,116.114.104.169,8 - Doors and Windows,Sweden,Sveg,Â¸Ë›Ã‡â—ŠÄ±ËœÃ‚Â¯Ë˜Â¿,Finance,1-530 - Temporary Construction,$9.72 ,123
8565015378,Alain,Epilet,aepilet15@t-online.de,Agender,110.128.11.24,8 - Doors and Windows,China,Heichengzi,â¦testâ§,n/a,15-950 - Testing Adjusting and Balancing,$3.96 ,123
426416643,Hall,Rentenbeck,hrentenbeck16@columbia.edu,Non-binary,26.113.95.84,11-660 - Observatory Equipment,China,Hongshanyao,2-Jan,Technology,11-140 - Vehicle Service Equipment,$7.12 ,123
9913912024,Fonz,Jouen,fjouen17@weebly.com,Agender,246.225.17.87,11-070 - Instrumental Equipment,Botswana,Tonota,â€‹,Consumer Non-Durables,4-200 - Masonry Units,$7.30 ,123
2079281925,Kym,Chainey,kchainey18@miibeian.gov.cn,Female,91.12.190.120,12-600 - Multiple Seating,Philippines,Santo Tomas,ãƒ»(ï¿£âˆ€ï¿£)ãƒ»:*:,Consumer Durables,11-300 - Fluid Waste Treatment and Disposal Equipment,$8.06 ,123
4150509212,Alva,Garrow,agarrow19@github.com,Bigender,42.240.5.151,2-780 - Clay Unit Pavers,Indonesia,Teluk Pinang,./;'[]\-=,Finance,9-900 - Paints and Coatings,$6.60 ,123
928652068,Annmaria,McSweeney,amcsweeney1a@goo.gl,Genderfluid,135.194.160.254,1-630 - Product Substitution Procedures,China,Huogezhuang,"<>?:""{}|_+",Consumer Services,10-750 - Telephone Specialties,$6.33 ,123
7556330338,Francis,Brobak,fbrobak1b@blogs.com,Agender,156.124.90.41,10-750 - Telephone Specialties,China,Dapeng,"'""'",Health Care,9-500 - Ceilings,$2.16 ,123
1340736187,Berkie,Pashba,bpashba1c@reference.com,Polygender,42.86.232.90,16-050 - Basic Electrical Materials and Methods,Indonesia,Rancabungur,â€‹,Technology,15-600 - Refrigeration Equipment,$1.54 ,123
6438573345,Nathanial,Callaway,ncallaway1d@microsoft.com,Female,105.109.164.86,2-782 - Brick Pavers,Indonesia,Kombandaru,<svg><script>0<1>alert('XSS')</script>,n/a,16-700 - Communications,$9.50 ,123
8828295120,Gerrilee,McKinie,gmckinie1e@reverbnation.com,Polygender,203.114.227.119,6-050 - Basic Wood and Plastic Materials and Methods,Yemen,Qaryat ad Daâ€˜Ä«s,"""'""'""''''""",Finance,15-050 - Basic Mechanical Materials and Methods,$3.82 ,123
1421990938,Eal,Angel,eangel1f@scribd.com,Genderfluid,32.54.72.140,1-700 - Execution Requirements,Ethiopia,Debre Zeyit,<img src=x onerror=alert('hi') />,Health Care,2-540 - Septic Tank,$7.36 ,123
935566007,Sharla,Muff,smuff1g@tinyurl.com,Male,81.76.214.176,1-000 - Purpose,Democratic Republic of the Congo,Kambove,ğ œğ œ±ğ ¹ğ ±“ğ ±¸ğ ²–ğ ³,Technology,13-240 - Oxygenation Systems,$1.20 ,123
8934506695,Aldin,Cossell,acossell1h@infoseek.co.jp,Genderqueer,163.104.50.232,1-700 - Execution Requirements,Japan,Aki,-1,Consumer Services,8-800 - Glazing,$7.86 ,123
5318206298,North,Cumo,ncumo1i@nasa.gov,Bigender,101.56.86.197,2-784 - Stone Unit Pavers,China,Tumba,(â•¯Â°â–¡Â°ï¼‰â•¯ï¸µ â”»â”â”»)  ,Public Utilities,11-200 - Water Supply and Treatment Equipment,$6.29 ,123
8694023946,Harri,Oughtright,houghtright1j@opera.com,Bigender,136.227.203.111,16-200 - Electrical Power,Cuba,CamajuanÃ­,Ì¡Í“Í…ÌIÍÌ—Ì˜Ì¦nÍ‡Í‡Í™vÌ®Ì«okÌ²Ì«Ì™ÍˆiÌ–Í™Ì­Ì¹Ì ÌnÌ¡Ì»Ì®Ì£ÌºgÌ²ÍˆÍ™Ì­Í™Ì¬Í Ì°tÍ”Ì¦hÌÌ²eÌ¢Ì¤ ÍÌ¬Ì²Í–fÌ´Ì˜Í•Ì£eÍ€Í–eÌ£Ì¥Ì©lÍ–Í”ÍšiÍ Í“ÍšÌ¦nÍ–ÍÌ—Í“Ì³Ì®gÍ Ì¨oÍ¡ÍšÌªfÌ˜Ì£Ì¬ Ì–Ì˜Í–ÌŸÍ™Ì®cÒ‰Í”Ì«Í–Í“Í‡Í–Í…hÌµÌ¤Ì£ÍšÍ”aÍÌ—Ì¼Í…Í•oÌ¼Ì£Ì¥sÍ¢Ì±ÍˆÌºÌ–Ì¦Ì».Ì›Ì–ÌÌ Ì«Ì°,Health Care,14-200 - Elevators,$4.88 ,123
1119287316,Paola,Radbone,pradbone1k@sohu.com,Non-binary,100.251.180.151,2-820 - Fences and Gates,Indonesia,Maguan,null,Energy,3-300 - Footings,$6.91 ,123
6975268932,Adolf,Lillee,alillee1l@freewebs.com,Male,79.47.10.1,1-630 - Product Substitution Procedures,China,Laâ€™ershan,âœ‹ğŸ¿ ğŸ’ªğŸ¿ ğŸ‘ğŸ¿ ğŸ™ŒğŸ¿ ğŸ‘ğŸ¿ ğŸ™ğŸ¿,Finance,16-500 - Lighting,$6.71 ,123
9632549325,Dusty,McEvoy,dmcevoy1m@uol.com.br,Genderfluid,14.247.248.56,2-540 - Septic Tank,Democratic Republic of the Congo,Gemena,Ì¦HÍÌ¬Ì¤Ì—Ì¤eÍœ ÍÌœÌ¥ÌÌ»ÍÌŸwÌ•hÌ–Ì¯Í“oÌÍ™Ì–ÍÌ±Ì® Ò‰ÌºÌ™ÌÌŸÍˆWÌ·Ì¼Ì­aÌºÌªÍiÌ¨ÍˆÍ•Ì­Í™Ì¯ÌœtÌ¶Ì¼Ì®sÌ•Ì˜Í™Í– Ì Ì«Ì BÌ»ÍÍ…Í™Í‰Ì³eÌµhÌµÌ¬Í‡Ì«Í™iÌ•Ì¹Í“Ì³Ì³Ì®ÍÌ«nÍŸdÌ´ÌªÌœÌ– ÍÌ°Í‰Ì©Í…Í‡Í™Ì²TÍ¢Í–Ì¼Í“ÌªhÍÍ“Ì®Ì»eÌ¬ÌÍ…ÌŸ Ì¤Ì¹ÌWÍÍ…Í™ÌÌÍ”Í‡aÍÍ“Í”Ì¹Ì¼Ì£lÌ´Í”Ì°Ì¤ÌŸÍ”lÌ­Ì«.Í•,Consumer Durables,1-630 - Product Substitution Procedures,$8.06 ,123
8626177704,Caesar,Rapin,crapin1n@ibm.com,Polygender,118.67.136.49,10-600 - Partitions,Indonesia,Baing,',Technology,4-600 - Corrosion-Resistant Masonry,$9.65 ,123
4783821739,Courtney,Caskey,ccaskey1o@vimeo.com,Genderqueer,123.1.8.240,10-290 - Pest Control,France,Limoges,-1,Consumer Services,5-700 - Ornamental Metal,$4.37 ,123
7014157493,Oralia,McKillop,omckillop1p@foxnews.com,Genderqueer,83.128.237.245,4-050 - Basic Masonry Materials and Methods,United States,Minneapolis,$1.00 ,n/a,1-903 - Hazardous Materials Abatement,$8.17 ,123
3244062172,Cybil,Mac Giolla Pheadair,cmacgiollapheadair1q@ft.com,Non-binary,105.247.170.103,2-250 - Shoring and Underpinning,Vietnam,KrÃ´ng Kmar,(â•¯Â°â–¡Â°ï¼‰â•¯ï¸µ â”»â”â”»)  ,n/a,3-000 - General,$8.52 ,123
5007601365,Aileen,Blowin,ablowin1r@usda.gov,Non-binary,212.116.98.103,12-100 - Art,Madagascar,Nosy Varika,ì‚¬íšŒê³¼í•™ì› ì–´í•™ì—°êµ¬ì†Œ,n/a,14-300 - Escalators and Moving Walks,$5.49 ,123
4239248612,Britte,Charke,bcharke1s@nyu.edu,Genderqueer,49.138.218.253,13-280 - Hazardous Material Remediation,Czech Republic,VelkÃ© MeziÅ™Ã­ÄÃ­,ZÌ®ÌÍ…Ì Í™Í”AÌ¥Ì—ÌÍˆÌ»Ì—LÌ£Í™ÍÌ¯Ì¹ÌÍ“GÌ»OÌ­Ì—Ì®,Finance,13-080 - Sound Vibration and Seismic Control,$6.82 ,123
2635541566,Bastien,Shallcrass,bshallcrass1t@fotki.com,Polygender,137.191.162.132,13-240 - Oxygenation Systems,China,Xianghe,Ì—ÌºÍ–Ì¹Ì¯Í“TÌ±Ì¤ÍÌ¥Í‡ÍˆhÍÌ²eÍÍ“Ì¼Ì—Ì™Ì¼Ì£Í” Í‡ÌœÌ±Ì Í“ÍÍ…NÍ Í•eÌ—Ì±zÌ˜ÌÌœÌºÍ™pÌ¤ÌºÌ¹ÍÌ¯ÍšeÍœÌ Ì»Ì rÌ¨Ì¤ÍÌºÌ–Í”Ì–Ì–dÍŸÌ ÌŸÌ­Ì¬ÌiÌ¦Í–Ì©Í“Í”Ì¤aÌ Ì—Ì¬Í‰Ì™nÍœÍš Ì»ÌÌ°ÍšÍ…hÌµÍ‰iÌ³ÌvÌ¢Í‡eÍŸÌ­Í-Ò‰Ì­Ì©Ì¼Í”mÌ¤Ì­Ì«iÍ•Í‡ÌÌ¦nÌ—Í™dÌ£ÌŸ ÍÌ¯Ì²Í•oÌ¨ÌŸÌ¯Ì°Ì²Í™Ì»Ìf Í˜ÌªÌ°Ì°Ì—Ì–Ì­Ì˜cÌ¦ÍÌ²ÌÍÌ©Ì™hÌ£ÍšaÍœÌ®ÍÌŸÌ™oÌ›Ì©Ì¹ÍsÌ¤.ÌÌ Ò‰ZÌ¡Ì–ÌœÍ–Ì°Ì£Í‰ÌœaÍ¡Í–Ì°Í™Ì¬lÌ²Ì«Ì³ÍÌ©gÌ¡ÌŸÌ¼Ì±ÍšÌÌ¬Í…oÍœÌ—.ÌŸ,Health Care,13-280 - Hazardous Material Remediation,$6.71 ,123
6494817211,Miguelita,Morrant,mmorrant1u@yellowpages.com,Genderfluid,157.200.163.70,2-924 - Sodding,Kazakhstan,Astana,â£,Capital Goods,2-740 - Flexible Pavement Asphalt Pavement,$5.82 ,123
3124325427,Leeanne,Bosquet,lbosquet1v@so-net.ne.jp,Genderfluid,187.255.134.125,11-170 - Solid Waste Handling Equipment,Philippines,Almeria,ï½€ï½¨(Â´âˆ€ï½€âˆ©,Consumer Services,15-700 - Heating Venting and Air Conditioning,$6.34 ,123
8361172777,Batsheva,Rickets,brickets1w@scribd.com,Agender,64.78.116.68,4-700 - Simulated Masonry,Kenya,Homa Bay,NULL,Basic Industries,2-915 - Mulch,$5.88 ,123
2642590003,Montague,Fenny,mfenny1x@soup.io,Polygender,185.184.124.165,4-400 - Stone,Indonesia,Karangparwa,ğŸš¾ ğŸ†’ ğŸ†“ ğŸ†• ğŸ†– ğŸ†— ğŸ†™ ğŸ§,Health Care,10-400 - Identification Devices,$9.21 ,123
9809589840,Deny,Mandel,dmandel1y@gizmodo.com,Non-binary,189.197.194.14,10-450 - Pedestrian Control Devices,China,Zhaojia,../../../../../../../../../../../etc/passwd%00,Health Care,10-550 - Postal Specialties,$7.00 ,123
7120390627,Kaleena,Hillaby,khillaby1z@soup.io,Genderfluid,187.72.57.39,10-520 - Fire Protection Specialties,Colombia,Arauquita,ã€€,Health Care,2-825 - Wood Fences and Gates,$8.60 ,123
6164791294,Vince,Brough,vbrough20@pinterest.com,Agender,206.48.76.72,11-150 - Parking Control Equipment,Thailand,Phra Phutthabat,ì‚¬íšŒê³¼í•™ì› ì–´í•™ì—°êµ¬ì†Œ,Consumer Services,1-530 - Temporary Construction,$2.44 ,123
4420727721,Korie,Brinded,kbrinded21@archive.org,Bigender,24.253.56.183,3-210 - Cast-In-Place Concrete,China,Anle,NULL,Finance,12-700 - Systems Furniture,$2.93 ,123
8161343683,Karlens,Grunwald,kgrunwald22@soup.io,Non-binary,140.186.50.204,8-400 - Entrances and Storefronts,Poland,MierzÄ™cice,ç¤¾æœƒç§‘å­¸é™¢èªå­¸ç ”ç©¶æ‰€,Health Care,11-170 - Solid Waste Handling Equipment,$7.12 ,123
2210250064,Alaine,Giorgeschi,agiorgeschi23@sourceforge.net,Male,5.95.116.53,13-120 - Pre-Engineered Structures,South Africa,Germiston,<img src=x onerror=alert('hi') />,n/a,8-900 - Glazed Curtain Wall,$1.95 ,123
8833453979,Shanie,Scougall,sscougall24@ning.com,Male,179.214.112.252,9-300 - Tile,Russia,Burla,,n/a,16-050 - Basic Electrical Materials and Methods,$7.14 ,123
6405233081,Ole,Petit,opetit25@nbcnews.com,Agender,135.118.178.81,1-517 - Temporary Telephone,China,Huangqi,<svg><script>0<1>alert('XSS')</script>,Capital Goods,11-650 - Planetarium Equipment,$7.86 ,123
24286400,Rafe,Woolpert,rwoolpert26@soup.io,Male,214.79.23.98,8-900 - Glazed Curtain Wall,Egypt,Diyarb Najm,1;DROP TABLE users,Health Care,8-600 - Skylights,$6.24 ,123
703314688,Rey,Devonshire,rdevonshire27@cam.ac.uk,Female,127.204.115.208,2-780 - Clay Unit Pavers,China,Liutao,Ø«Ù… Ù†ÙØ³ Ø³Ù‚Ø·Øª ÙˆØ¨Ø§Ù„ØªØ­Ø¯ÙŠØ¯ØŒ Ø¬Ø²ÙŠØ±ØªÙŠ Ø¨Ø§Ø³ØªØ®Ø¯Ø§Ù… Ø£Ù† Ø¯Ù†Ùˆ. Ø¥Ø° Ù‡Ù†Ø§ØŸ Ø§Ù„Ø³ØªØ§Ø± ÙˆØªÙ†ØµÙŠØ¨ ÙƒØ§Ù†. Ø£Ù‡Ù‘Ù„ Ø§ÙŠØ·Ø§Ù„ÙŠØ§ØŒ Ø¨Ø±ÙŠØ·Ø§Ù†ÙŠØ§-ÙØ±Ù†Ø³Ø§ Ù‚Ø¯ Ø£Ø®Ø°. Ø³Ù„ÙŠÙ…Ø§Ù†ØŒ Ø¥ØªÙØ§Ù‚ÙŠØ© Ø¨ÙŠÙ† Ù…Ø§ ÙŠØ°ÙƒØ± Ø§Ù„Ø­Ø¯ÙˆØ¯ Ø£ÙŠ Ø¨Ø¹Ø¯ Ù…Ø¹Ø§Ù…Ù„Ø© Ø¨ÙˆÙ„Ù†Ø¯Ø§ØŒ Ø§Ù„Ø¥Ø·Ù„Ø§Ù‚ Ø¹Ù„ Ø¥ÙŠÙˆ.,Capital Goods,11-700 - Medical Equipment,$3.34 ,123
128164042,Georgi,Bellis,gbellis28@geocities.jp,Genderqueer,63.1.106.120,9-050 - Basic Finish Materials and Methods,France,Clermont-Ferrand,'',Technology,10-290 - Pest Control,$2.64 ,123
6299557745,Karlene,Arrow,karrow29@rediff.com,Female,101.156.179.157,10-300 - Fireplaces and Stoves,Portugal,Cimo de Vila,0,Consumer Services,16-700 - Communications,$5.77 ,123
8369931340,Merilee,Moultrie,mmoultrie2a@slideshare.net,Genderfluid,115.239.106.100,1-560 - Temporary Barriers and Enclosures,China,Huyang,ãƒ½à¼¼àºˆÙ„Íœàºˆà¼½ï¾‰ ãƒ½à¼¼àºˆÙ„Íœàºˆà¼½ï¾‰ ,Consumer Durables,13-100 - Lightning Protection,$8.94 ,123
3600978829,Cathyleen,McGrirl,cmcgrirl2b@imdb.com,Bigender,28.83.192.56,2-850 - Bridges/Footbridges,Argentina,Villa del Rosario,â€«testâ€«,Health Care,2-310 - Grading,$9.43 ,123
2826180134,Onofredo,Saulter,osaulter2c@etsy.com,Agender,157.84.184.166,1-630 - Product Substitution Procedures,Portugal,Agrela,null,Technology,13-010 - Air-Supported Structures,$6.09 ,123
7378517321,Fawnia,Philson,fphilson2d@wisc.edu,Agender,243.246.23.196,17 - Markup and Contingency,Czech Republic,JosefÅ¯v DÅ¯l,(â•¯Â°â–¡Â°ï¼‰â•¯ï¸µ â”»â”â”»)  ,Miscellaneous,11-060 - Theater and Stage Equipment,$4.59 ,123
3670990550,Caro,Friett,cfriett2e@eepurl.com,Male,249.49.202.247,11-050 - Library Equipment,Czech Republic,LouÄovice,â€‹,n/a,13-550 - Transportation Control Instrumentation,$0.74 ,123
9320457530,Tani,Dowzell,tdowzell2f@nationalgeographic.com,Genderfluid,132.106.190.250,10-400 - Identification Devices,Uganda,Jinja,Ù¡Ù¢Ù£,Energy,13-240 - Oxygenation Systems,$5.80 ,123
3886468577,Peyter,D'Oyly,pdoyly2g@cbc.ca,Polygender,193.58.178.101,12-800 - Interior Plants and Planters,Russia,Vysotskoye,!@#$%^&*(),Energy,1-500 - Temporary Facilities and Controls,$3.28 ,123
7982863876,Claudette,McVie,cmcvie2h@ezinearticles.com,Non-binary,253.147.121.206,7-200 - Thermal Protection - Insulation,Philippines,Paatan,/dev/null; touch /tmp/blns.fail ; echo,Public Utilities,9-250 - Gypsum Wallboard,$3.62 ,123
5350837567,Noe,Chalcroft,nchalcroft2i@ustream.tv,Bigender,76.72.25.143,11-050 - Library Equipment,Cuba,Remedios,<img src=x onerror=alert('hi') />,n/a,1-000 - Purpose,$3.15 ,123
7295831320,Mata,Pavie,mpavie2j@wordpress.org,Genderqueer,44.220.132.243,13-400 - Measurement and Control Instrumentation,Brazil,IlhÃ©us,×”Ö¸×™Ö°×ªÖ¸×”testØ§Ù„ØµÙØ­Ø§Øª Ø§Ù„ØªÙ‘Ø­ÙˆÙ„,Consumer Services,2-924 - Sodding,$8.45 ,123
9522782920,Carlie,Crawley,ccrawley2k@fema.gov,Female,194.210.70.26,14-500 - Material Handling,Central African Republic,Kabo,-1,Consumer Services,2-930 - Exterior Plants,$1.87 ,123
1147043183,Ardeen,Golthorpp,agolthorpp2l@free.fr,Agender,83.62.32.121,9-900 - Paints and Coatings,Latvia,Bolderaja,1'; DROP TABLE users--,Capital Goods,11-450 - Residential Equipment,$4.47 ,123
8274036034,Krista,Wanka,kwanka2m@elpais.com,Female,52.77.190.41,2-780 - Clay Unit Pavers,Czech Republic,Å½abÄice,Â¸Ë›Ã‡â—ŠÄ±ËœÃ‚Â¯Ë˜Â¿,n/a,6 - Wood and Plastics,$8.67 ,123
1546166459,Drona,Tatford,dtatford2n@surveymonkey.com,Male,168.207.133.105,13-550 - Transportation Control Instrumentation,Indonesia,Isak,â¦testâ§,Health Care,5-400 - Cold-Formed Metal Framing,$8.74 ,123
5287856547,Elmer,Crankshaw,ecrankshaw2o@indiatimes.com,Female,110.162.28.252,16-700 - Communications,China,Taoyuan,"""'""'""''''""",Consumer Services,13-700 - Security Access and Surveillance,$3.15 ,123
36657891,Karlie,Beveredge,kbeveredge2p@myspace.com,Female,214.10.91.76,2-316 - Backfilling,China,Yintang,(ï½¡â—• âˆ€ â—•ï½¡),Technology,11-400 - Food Service Equipment,$6.22 ,123
9573948109,Jewel,Wetheril,jwetheril2q@uiuc.edu,Agender,200.126.83.12,2-830 - Retaining Walls,Sweden,Tidaholm,1'; DROP TABLE users--,Finance,8-700 - Hardware,$8.95 ,123
9000865727,Jerrilyn,Sutworth,jsutworth2r@mysql.com,Female,211.8.249.37,14-100 - Dumbwaiters,Czech Republic,ZajeÄÃ­,Ù¡Ù¢Ù£,Consumer Services,15 - Mechanical,$3.60 ,123
2157869433,Mattheus,Owbrick,mowbrick2s@google.fr,Non-binary,139.17.91.52,7-900 - Joint Sealers,China,Sanhe,1;DROP TABLE users,Public Utilities,11-010 - Maintenance Equipment,$0.88 ,123
1394771789,Jedediah,Axten,jaxten2t@spiegel.de,Agender,243.44.11.254,16-500 - Lighting,China,Haishan,$1.00 ,Capital Goods,10-700 - Exterior Protection,$6.12 ,123
9325598302,Rennie,Le Huquet,rlehuquet2u@google.ru,Genderfluid,48.155.29.120,1-530 - Temporary Construction,South Africa,Dundee,â¡,Technology,13-800 - Building Automation and Control,$9.96 ,123
7677899102,Margaretta,Adamovsky,madamovsky2v@hc360.com,Genderfluid,95.96.57.167,10-250 - Service Walls,Nigeria,Mubi,ìš¸ë€ë°”í† ë¥´,Basic Industries,12 - Furnishings,$9.32 ,123
2893287786,Foss,Duigenan,fduigenan2w@bloomberg.com,Agender,193.130.169.155,13-150 - Swimming Pools,United States,San Diego,NIL,Miscellaneous,2-311 - Final Grading,$7.52 ,123
4281730931,Margarethe,Folger,mfolger2x@sohu.com,Non-binary,135.228.248.246,9-800 - Acoustical Treatment,Zambia,Mansa,ğ œğ œ±ğ ¹ğ ±“ğ ±¸ğ ²–ğ ³,Consumer Non-Durables,2-260 - Excavation Support and Protection,$6.59 ,123
9562670945,Hildegarde,Eisak,heisak2y@newsvine.com,Genderqueer,234.250.206.190,1-523 - Sanitary Facilities,Philippines,Nueva Vida Sur,â‚€â‚â‚‚,Finance,6-200 - Finish Carpentry,$5.36 ,123
3211874127,Mackenzie,Cunah,mcunah2z@usda.gov,Male,119.213.164.81,15-900 - HVAC Instruments and Controls,Serbia,Hrtkovci,1,Consumer Services,2-825 - Wood Fences and Gates,$7.32 ,123
5916399960,Marie-jeanne,Gandar,mgandar30@unicef.org,Female,13.200.179.41,1-518 - Temporary Water,South Africa,Barberton,"<>?:""{}|_+",Technology,1-518 - Temporary Water,$0.86 ,123
8643512036,Paulo,Peele,ppeele31@illinois.edu,Non-binary,11.36.114.242,3-050 - Concrete Subcontractor,Indonesia,Peuara,ã€€,Finance,11-160 - Loading Dock Equipment,$8.86 ,123
139712119,Adriano,Halworth,ahalworth32@pen.io,Bigender,158.247.60.109,11 - Equipment,China,Kamru,2-Jan,n/a,2-311 - Final Grading,$0.69 ,123
1413387454,Betty,Playden,bplayden33@cafepress.com,Female,231.33.54.138,4 - Masonry,Colombia,LandÃ¡zuri,(ï½¡â—• âˆ€ â—•ï½¡),Finance,10-670 - Storage Shelving,$8.92 ,123
6152472792,Courtnay,Manion,cmanion34@archive.org,Non-binary,227.173.202.123,13-090 - Radiation Protection,Burkina Faso,DÃ©dougou,',Consumer Services,16-800 - Sound and Video,$3.46 ,123
7733800641,Floris,Heinsh,fheinsh35@exblog.jp,Female,58.180.173.174,13-010 - Air-Supported Structures,Germany,Berlin,ãƒ»(ï¿£âˆ€ï¿£)ãƒ»:*:,Health Care,11-080 - Registration Equipment,$3.74 ,123
3295534853,Ban,Moyser,bmoyser36@yolasite.com,Polygender,131.162.170.145,10-240 - Grilles and Screens,Tunisia,Zarzis,ãƒ‘ãƒ¼ãƒ†ã‚£ãƒ¼ã¸è¡Œã‹ãªã„ã‹,Health Care,11-090 - Checkroom Equipment,$7.36 ,123
5247128834,Stephenie,Fellona,sfellona37@tiny.cc,Male,216.87.86.239,15-800 - Air Distribution,China,Jiuheyuan,"""''''""'""",Health Care,11-450 - Residential Equipment,$8.00 ,123
8078839324,Joanie,Savery,jsavery38@google.it,Bigender,36.178.224.159,5-100 - Structural Metals,Vietnam,Háº­u NghÄ©a,"""",Transportation,1-580 - Project Identification,$4.90 ,123
3239786079,Nan,Eslie,neslie39@buzzfeed.com,Female,227.132.33.224,10-900 - Wardrobe and Closet Specialties,Poland,Bogatynia,ğŸ˜,Health Care,11-780 - Mortuary Equipment,$8.54 ,123
5830555182,Ernie,Chesman,echesman3a@go.com,Female,207.210.188.133,9-400 - Terrazzo,Indonesia,Batanamang,×‘Ö¼Ö°×¨Öµ××©×Ö´×™×ª ×‘Ö¼Ö¸×¨Ö¸× ×Ö±×œÖ¹×”Ö´×™× ×Öµ×ª ×”Ö·×©Ö¼×Ö¸×Ö·×™Ö´× ×•Ö°×Öµ×ª ×”Ö¸×Ö¸×¨Ö¶×¥,Consumer Services,2-250 - Shoring and Underpinning,$0.14 ,123
1906174741,Gilburt,Macy,gmacy3b@moonfruit.com,Genderqueer,196.238.88.199,6-600 - Plastic Fabrications,China,Wangcun,ç¤¾æœƒç§‘å­¸é™¢èªå­¸ç ”ç©¶æ‰€,Health Care,2-320 - Excavation and Fill,$7.61 ,123
2339697298,D'arcy,Emmerson,demmerson3c@tmall.com,Non-binary,7.84.174.150,16-300 - Transmission and Distribution,Russia,Tsilâ€™na,<script>alert('hi')</script>,Consumer Services,11-850 - Navigation Equipment,$5.79 ,123
6623090150,Demott,Swede,dswede3d@symantec.com,Bigender,1.148.155.167,1-640 - Owner Furnished Products,Poland,WyszogrÃ³d,â¢,n/a,2-919 - Topsoil,$6.91 ,123
4877597794,Adolphus,Nelmes,anelmes3e@ihg.com,Genderfluid,118.169.164.22,1-518 - Temporary Water,China,Longju,Ã¥ÃŸâˆ‚Æ’Â©Ë™âˆ†ËšÂ¬â€¦Ã¦,Finance,5-500 - Metal Fabrications,$6.34 ,123
5057271407,Cecil,Arnley,carnley3f@livejournal.com,Male,217.35.236.131,3 - Concrete,Philippines,Iriga City,âœ‹ğŸ¿ ğŸ’ªğŸ¿ ğŸ‘ğŸ¿ ğŸ™ŒğŸ¿ ğŸ‘ğŸ¿ ğŸ™ğŸ¿,Technology,10-300 - Fireplaces and Stoves,$3.63 ,123
8928953804,Ernest,Farncombe,efarncombe3g@godaddy.com,Genderqueer,21.205.245.128,9-400 - Terrazzo,Peru,Chambara,Ù¡Ù¢Ù£,Basic Industries,2-500 - Utility Services,$0.85 ,123
8228674082,Dolly,Medcraft,dmedcraft3h@deviantart.com,Polygender,188.203.26.173,11-780 - Mortuary Equipment,China,Yongning,,Miscellaneous,10-880 - Scales,$2.65 ,123
9616425153,Nowell,Prendeguest,nprendeguest3i@canalblog.com,Genderfluid,49.153.95.81,10-550 - Postal Specialties,Philippines,Arcangel,__ï¾›(_*),Technology,16-200 - Electrical Power,$5.75 ,123
4307119088,Oneida,Titmarsh,otitmarsh3j@tinypic.com,Polygender,190.66.197.43,2-915 - Mulch,China,Xiangying,"""",Health Care,15 - Mechanical,$4.92 ,123
3288019345,Agace,O' Cuolahan,aocuolahan3k@e-recht24.de,Genderqueer,224.65.0.80,13-190 - Site-Constructed Incinerators,Portugal,GramaÃ§os,../../../../../../../../../../../etc/passwd%00,Energy,8-050 - Basic Door and Window Materials and Methods,$4.64 ,123
7067672104,Evan,Deary,edeary3l@163.com,Agender,41.57.158.61,10-670 - Storage Shelving,Russia,Itum-Kali,á ,Transportation,14-300 - Escalators and Moving Walks,$7.55 ,123
3617882560,Neddy,Flory,nflory3m@chron.com,Female,83.70.0.173,9-600 - Flooring,Indonesia,Mergayu,<svg><script>0<1>alert('XSS')</script>,n/a,4-050 - Basic Masonry Materials and Methods,$0.02 ,123
9019346954,Pasquale,Belly,pbelly3n@cam.ac.uk,Non-binary,53.85.174.237,2-621 - Foundatation Drainage Piping,China,Erenhot,1.00E+02,n/a,2-220 - Site Demolition,$7.54 ,123
6825721062,Daniel,Stones,dstones3o@unicef.org,Genderfluid,118.47.132.224,9-900 - Paints and Coatings,Indonesia,Sumberejo,0,Energy,10-500 - Lockers,$7.28 ,123
5112892978,Tracie,Trowel,ttrowel3p@aboutads.info,Male,78.191.38.179,11-450 - Residential Equipment,Greece,MirsÃ­ni,éƒ¨è½æ ¼,Capital Goods,1-014 - Project Executive,$9.47 ,123
3207442439,Cassi,Shimony,cshimony3q@webmd.com,Non-binary,224.208.139.46,12-500 - Furniture,Bolivia,Quime,"'""'",n/a,10-820 - Bathroom Accessories,$5.18 ,123
8261280497,Vincents,Alastair,valastair3r@google.es,Genderqueer,174.246.118.44,1-904 - Hazardous Materials Removal and Disposal,Syria,Tall Abyaá¸‘,â¡,n/a,11-190 - Detention Equipment,$6.05 ,123
8020871365,Ede,Woodeson,ewoodeson3s@google.cn,Male,186.96.172.235,2-823 - PVC Fences and Gates,Japan,Takehara,() { 0; }; touch /tmp/blns.shellshock1.fail;,Health Care,10-600 - Partitions,$4.88 ,123
8028648711,Parrnell,Peart,ppeart3t@wikipedia.org,Non-binary,157.119.12.137,2-300 - Earthwork,Croatia,Sigetec,<script>alert('hi')</script>,n/a,10-820 - Bathroom Accessories,$2.93 ,123
971774102,Farrah,Crellin,fcrellin3u@prlog.org,Genderqueer,128.40.127.234,15-600 - Refrigeration Equipment,Philippines,Manalongon,"'""'",Technology,2-823 - PVC Fences and Gates,$3.98 ,123
347727050,Bron,Boother,bboother3v@rambler.ru,Male,77.236.175.120,10-700 - Exterior Protection,Indonesia,Pretana,ãƒ½à¼¼àºˆÙ„Íœàºˆà¼½ï¾‰ ãƒ½à¼¼àºˆÙ„Íœàºˆà¼½ï¾‰ ,Capital Goods,7-700 - Roof Specialties and Accessories,$4.24 ,123
605738262,Gabbie,Blundin,gblundin3w@google.com.au,Bigender,93.156.40.3,14-700 - Turntables,France,Grenoble,<svg><script>0<1>alert('XSS')</script>,n/a,11-060 - Theater and Stage Equipment,$1.33 ,123
2088430075,Cristina,Leigh,cleigh3x@plala.or.jp,Non-binary,220.48.32.104,1-700 - Execution Requirements,Peru,Quinocay,<svg><script>0<1>alert('XSS')</script>,Basic Industries,1-740 - Cleaning,$7.57 ,123
924800860,Brose,Sandon,bsandon3y@marriott.com,Genderfluid,213.64.207.122,11-050 - Library Equipment,Syria,BÄniyÄs,á ,Health Care,1 - General Requirements,$4.58 ,123
4655527366,Desi,Hawtrey,dhawtrey3z@marketwatch.com,Polygender,23.8.130.1,2-317 - Select Borrow,China,Sanjiangkou,1,n/a,10-530 - Protective Covers,$4.90 ,123
1099664152,Karole,Rawlence,krawlence40@spiegel.de,Genderfluid,41.95.226.36,1-012 - Superintendent,Mexico,Independencia,./;'[]\-=,n/a,3-210 - Cast-In-Place Concrete,$3.52 ,123
6031100061,Bobby,Meechan,bmeechan41@nps.gov,Female,159.101.189.130,13-280 - Hazardous Material Remediation,Mongolia,Oygon,',Consumer Services,11-850 - Navigation Equipment,$8.38 ,123
1547873434,Conchita,Aked,caked42@comsenz.com,Non-binary,110.212.223.172,11-190 - Detention Equipment,Jamaica,Richmond,NULL,Health Care,10-340 - Manufactured Exterior Specialties,$6.87 ,123
7598957355,Loni,Antonutti,lantonutti43@biblegateway.com,Polygender,101.39.131.31,3-230 - Anchor Bolts,Portugal,Alenquer,<svg><script>0<1>alert('XSS')</script>,Finance,2-932 - PLants and Bulbs,$2.70 ,123
9320690030,Frank,Tibbles,ftibbles44@goo.ne.jp,Genderqueer,209.167.143.8,10-100 - Visual Display Boards,Belarus,KorolÃ«v Stan,../../../../../../../../../../../etc/passwd%00,Consumer Services,12-050 - Fabrics,$5.30 ,123
7466565913,Katrine,Anders,kanders45@yahoo.com,Non-binary,209.138.118.3,10-260 - Wall and Corner Guards,Portugal,Marisol,1;DROP TABLE users,Basic Industries,3-100 - Concrete Reinforcement,$5.31 ,123
6400753443,Glenine,Cousans,gcousans46@sakura.ne.jp,Bigender,29.174.135.15,9-300 - Tile,China,Shatian,ãƒ½à¼¼àºˆÙ„Íœàºˆà¼½ï¾‰ ãƒ½à¼¼àºˆÙ„Íœàºˆà¼½ï¾‰ ,n/a,7-600 - Flashing and Sheet Metal,$2.53 ,123
8243654283,Victoir,Hoppner,vhoppner47@cdbaby.com,Agender,253.2.65.26,17-020 - Insurance,Bolivia,Rosario del Ingre,1,Capital Goods,10 - Specialties,$7.89 ,123
7534835208,Katy,Zavittieri,kzavittieri48@yellowbook.com,Bigender,162.83.48.182,13-190 - Site-Constructed Incinerators,Sweden,Danderyd,Jan-00,Consumer Services,9-600 - Flooring,$5.65 ,123
59049014,Byrom,Petroselli,bpetroselli49@mapy.cz,Genderqueer,26.243.151.124,11-140 - Vehicle Service Equipment,Bhutan,Daphu,__ï¾›(_*),Health Care,2-824 - Wire Fences and Gates,$2.57 ,123
2694441629,Evangelin,Haliday,ehaliday4a@reference.com,Polygender,96.140.153.255,7-600 - Flashing and Sheet Metal,Serbia,ÄŒortanovci,`â„â‚¬â€¹â€ºï¬ï¬‚â€¡Â°Â·â€šâ€”Â±,Finance,16-700 - Communications,$2.97 ,123
5169881088,Alano,Murden,amurden4b@bbc.co.uk,Non-binary,97.151.207.101,17-010 - Contingency,Argentina,Villa General Belgrano,×”Ö¸×™Ö°×ªÖ¸×”testØ§Ù„ØµÙØ­Ø§Øª Ø§Ù„ØªÙ‘Ø­ÙˆÙ„,Capital Goods,11-450 - Residential Equipment,$1.93 ,123
2536324842,Milena,Pavie,mpavie4c@unesco.org,Bigender,103.21.218.232,3-300 - Footings,Russia,Velikovechnoye,ãƒ½à¼¼àºˆÙ„Íœàºˆà¼½ï¾‰ ãƒ½à¼¼àºˆÙ„Íœàºˆà¼½ï¾‰ ,Finance,1-510 - Temporary Utilities,$0.58 ,123
594252164,Denice,Kretchmer,dkretchmer4d@quantcast.com,Male,54.54.47.22,14-100 - Dumbwaiters,Indonesia,Palangkaraya,!@#$%^&*(),n/a,2-923 - Seeding and Soil Supplements,$7.70 ,123
1184184062,Reyna,Whitbread,rwhitbread4e@cargocollective.com,Bigender,182.70.223.36,12-800 - Interior Plants and Planters,Philippines,Margos,â¡,Consumer Services,1-523 - Sanitary Facilities,$8.82 ,123
9009206696,Lucretia,Nanninini,lnanninini4f@irs.gov,Male,115.178.23.69,11-650 - Planetarium Equipment,Czech Republic,RtynÄ› v PodkrkonoÅ¡Ã­,"""""",Public Utilities,10-450 - Pedestrian Control Devices,$6.22 ,123
8151209240,Minor,Paulet,mpaulet4g@purevolume.com,Bigender,206.36.48.56,6-600 - Plastic Fabrications,Indonesia,Poigar,â€ªâ€ªtestâ€ª,Basic Industries,1-012 - Superintendent,$1.47 ,123
4536772901,Ketti,Van der Brugge,kvanderbrugge4h@whitehouse.gov,Polygender,143.12.104.58,17-040 - Profit,Mexico,Magdaleno Aguilar,ğŸµ ğŸ™ˆ ğŸ™‰ ğŸ™Š,Consumer Services,13-230 - Digester Covers and Appurtenances,$6.13 ,123
726773530,Hadlee,Jelfs,hjelfs4i@baidu.com,Non-binary,213.173.62.196,11-170 - Solid Waste Handling Equipment,Colombia,Sucre,(ï¾‰à²¥ç›Šà²¥ï¼‰ï¾‰ï»¿ â”»â”â”»,n/a,10-530 - Protective Covers,$7.48 ,123
1661831753,Fenelia,Shutler,fshutler4j@bloglovin.com,Genderqueer,181.198.181.132,11-400 - Food Service Equipment,Russia,Rutul,"'""'",Consumer Services,8-600 - Skylights,$0.67 ,123
2074169590,Padriac,Juggins,pjuggins4k@samsung.com,Polygender,197.125.247.228,2-815 - Fountains,Philippines,Masoli,testâ testâ€«,Finance,3-500 - Cementitious Decks and Underlayments,$2.54 ,123
1852512962,Kesley,Bygate,kbygate4l@wikispaces.com,Polygender,81.57.110.150,10-670 - Storage Shelving,China,Bajiao,',Energy,2-220 - Site Demolition,$1.81 ,123
7096166351,Even,Dreger,edreger4m@tiny.cc,Genderfluid,160.143.132.116,2-919 - Topsoil,Ukraine,Rozhnyativ,../../../../../../../../../../../etc/passwd%00,n/a,7-050 - Basic Thermal and Moisture Protection Materials and Methods,$1.46 ,123
1481176145,Carita,Summerscales,csummerscales4n@yahoo.co.jp,Agender,154.117.102.174,6-050 - Basic Wood and Plastic Materials and Methods,Madagascar,Tsiombe,Ã¥ÃŸâˆ‚Æ’Â©Ë™âˆ†ËšÂ¬â€¦Ã¦,Energy,2-936 - Fertilizer,$3.14 ,123
1969808543,Harcourt,Carnilian,hcarnilian4o@google.it,Polygender,137.95.29.173,11-870 - Agricultural Equipment,Argentina,Oncativo,Â¡â„¢Â£Â¢âˆÂ§Â¶â€¢ÂªÂºâ€“â‰ ,Consumer Services,13-550 - Transportation Control Instrumentation,$3.46 ,123
6267940713,Rebeka,Haney`,rhaney4p@vinaora.com,Bigender,110.192.209.56,2-300 - Earthwork,China,Daliu,-1.00E+02,Capital Goods,10-600 - Partitions,$8.74 ,123
9530925069,Leann,Teaser,lteaser4q@admin.ch,Genderqueer,178.170.54.116,16-400 - Low-Voltage Distribution,France,Ã‰vry,ğŸµ ğŸ™ˆ ğŸ™‰ ğŸ™Š,Consumer Services,3-050 - Concrete Subcontractor,$5.49 ,123
16210182,Cross,Sperwell,csperwell4r@123-reg.co.uk,Non-binary,245.4.188.48,12-700 - Systems Furniture,Indonesia,Puamata,0/0,Health Care,2-900 - Landscaping,$0.94 ,123
4557287476,Tracy,Standidge,tstandidge4s@bizjournals.com,Female,106.155.84.65,9-680 - Carpet,Indonesia,Tilang,Ë™Énbá´‰lÉ ÉuÆƒÉÉ¯ ÇÉ¹olop Ê‡Ç ÇÉ¹oqÉl Ê‡n Ê‡unpá´‰pá´‰É”uá´‰ É¹odÉ¯ÇÊ‡ poÉ¯sná´‰Ç op pÇs 'Ê‡á´‰lÇ Æƒuá´‰É”sá´‰dá´‰pÉ É¹nÊ‡ÇÊ‡É”ÇsuoÉ” 'Ê‡ÇÉ¯É Ê‡á´‰s É¹olop É¯nsdá´‰ É¯ÇÉ¹oË¥,Health Care,5-050 - Basic Metal Materials and Methods,$6.77 ,123
3945448867,Sigrid,Tellenbrook,stellenbrook4t@tumblr.com,Genderqueer,236.183.42.96,2-320 - Excavation and Fill,Indonesia,Tanjungbahagia,1.00E+02,Finance,3-000 - General,$6.34 ,123
6007850765,Ira,Ioselev,iioselev4u@gmpg.org,Bigender,234.149.39.37,1-700 - Execution Requirements,Brazil,Almeirim,($1.00),Capital Goods,15-500 - Heat-Generation Equipment,$4.28 ,123
8633597527,Twyla,Di Angelo,tdiangelo4v@unesco.org,Non-binary,109.175.196.127,9 - Finishes,Indonesia,Cibolang,×”Ö¸×™Ö°×ªÖ¸×”testØ§Ù„ØµÙØ­Ø§Øª Ø§Ù„ØªÙ‘Ø­ÙˆÙ„,Finance,14-500 - Material Handling,$8.40 ,123
1738919412,Chris,Pighills,cpighills4w@mtv.com,Genderqueer,220.247.13.117,1-540 - Construction Aids,Czech Republic,Opatov,(ï¾‰à²¥ç›Šà²¥ï¼‰ï¾‰ï»¿ â”»â”â”»,Health Care,5-500 - Metal Fabrications,$1.08 ,123
7038472313,Donna,Callender,dcallender4x@youtu.be,Agender,171.196.90.61,10-260 - Wall and Corner Guards,Serbia,Jagodina,Ã¥ÃŸâˆ‚Æ’Â©Ë™âˆ†ËšÂ¬â€¦Ã¦,Basic Industries,11-080 - Registration Equipment,$0.19 ,123
8576671972,Lorilyn,Cassar,lcassar4y@elegantthemes.com,Bigender,34.107.121.165,1-000 - Purpose,Czech Republic,BeneÅ¡ov nad PlouÄnicÃ­,!@#$%^&*(),Consumer Services,1-540 - Construction Aids,$6.48 ,123
7184092333,Desdemona,Lyst,dlyst4z@amazonaws.com,Male,228.75.242.217,14-900 - Transportation,Russia,Kovylkino,-1,Basic Industries,12-600 - Multiple Seating,$9.27 ,123
1765489784,Abbot,Luckes,aluckes50@indiegogo.com,Female,10.96.67.179,5-050 - Basic Metal Materials and Methods,Croatia,HodoÅ¡an,"""''''""'""",Finance,16-200 - Electrical Power,$2.03 ,123
723278105,Josiah,Lockhart,jlockhart51@bizjournals.com,Polygender,60.22.206.226,10-600 - Partitions,Nigeria,Musawa,éƒ¨è½æ ¼,Consumer Non-Durables,2-919 - Topsoil,$9.33 ,123
5528587441,Torin,Tarbox,ttarbox52@pen.io,Male,66.28.255.59,2-780 - Clay Unit Pavers,Iceland,Borgarnes,<script>alert('hi')</script>,Finance,15-200 - Process Piping,$6.91 ,123
9266291188,Magdalen,Sherratt,msherratt53@360.cn,Genderqueer,88.148.251.143,9-680 - Carpet,Peru,Oxapampa,nil,Consumer Services,10-200 - Louvers and Vents,$4.89 ,123
9781351659,Clyve,Cotterrill,ccotterrill54@google.es,Male,208.204.239.108,4-200 - Masonry Units,Philippines,Cortes,â‚€â‚â‚‚,n/a,9-900 - Paints and Coatings,$9.95 ,123
4473360628,Rick,Boichat,rboichat55@vimeo.com,Non-binary,92.132.25.54,8-500 - Windows,Poland,Borkowice,"""'""'""''''""",n/a,3-100 - Concrete Reinforcement,$7.87 ,123
6450778830,Clarke,Grigorey,cgrigorey56@army.mil,Genderqueer,24.60.232.204,2-813 - Lawn Sprinkling and Irrigation,Brazil,SÃ£o SebastiÃ£o do CaÃ­,Â¡â„¢Â£Â¢âˆÂ§Â¶â€¢ÂªÂºâ€“â‰ ,n/a,12-900 - Furnishings Restoration and Repair,$4.34 ,123
8298730380,Tait,Whitcombe,twhitcombe57@51.la,Polygender,107.36.11.125,11-130 - Audio-Visual Equipment,China,Daliu,Â¸Ë›Ã‡â—ŠÄ±ËœÃ‚Â¯Ë˜Â¿,n/a,12-050 - Fabrics,$6.45 ,123
7708452872,Thea,Arndtsen,tarndtsen58@fema.gov,Non-binary,136.236.129.122,2-813 - Lawn Sprinkling and Irrigation,Panama,El CopÃ©,-1,Capital Goods,15-950 - Testing Adjusting and Balancing,$4.30 ,123
7610604313,Maureene,McShane,mmcshane59@comcast.net,Agender,77.190.6.134,15-300 - Fire Protection Piping,China,Huilong,Ø«Ù… Ù†ÙØ³ Ø³Ù‚Ø·Øª ÙˆØ¨Ø§Ù„ØªØ­Ø¯ÙŠØ¯ØŒ Ø¬Ø²ÙŠØ±ØªÙŠ Ø¨Ø§Ø³ØªØ®Ø¯Ø§Ù… Ø£Ù† Ø¯Ù†Ùˆ. Ø¥Ø° Ù‡Ù†Ø§ØŸ Ø§Ù„Ø³ØªØ§Ø± ÙˆØªÙ†ØµÙŠØ¨ ÙƒØ§Ù†. Ø£Ù‡Ù‘Ù„ Ø§ÙŠØ·Ø§Ù„ÙŠØ§ØŒ Ø¨Ø±ÙŠØ·Ø§Ù†ÙŠØ§-ÙØ±Ù†Ø³Ø§ Ù‚Ø¯ Ø£Ø®Ø°. Ø³Ù„ÙŠÙ…Ø§Ù†ØŒ Ø¥ØªÙØ§Ù‚ÙŠØ© Ø¨ÙŠÙ† Ù…Ø§ ÙŠØ°ÙƒØ± Ø§Ù„Ø­Ø¯ÙˆØ¯ Ø£ÙŠ Ø¨Ø¹Ø¯ Ù…Ø¹Ø§Ù…Ù„Ø© Ø¨ÙˆÙ„Ù†Ø¯Ø§ØŒ Ø§Ù„Ø¥Ø·Ù„Ø§Ù‚ Ø¹Ù„ Ø¥ÙŠÙˆ.,Capital Goods,7-200 - Thermal Protection - Insulation,$6.72 ,123
3177549583,Caty,Garahan,cgarahan5a@shutterfly.com,Bigender,236.176.181.48,11-190 - Detention Equipment,Brazil,Barreiro do JaÃ­ba,0,Capital Goods,11-850 - Navigation Equipment,$8.63 ,123
1536432970,Adelle,Rableau,arableau5b@cafepress.com,Polygender,99.26.161.133,4-900 - Masonry Restoration and Cleaning,North Korea,Nampâ€™o,â€‹,Finance,11-140 - Vehicle Service Equipment,$3.31 ,123
7035330771,Misha,Sawbridge,msawbridge5c@hao123.com,Agender,94.115.199.18,15-050 - Basic Mechanical Materials and Methods,United States,El Paso,ã€€,Finance,1-740 - Cleaning,$7.16 ,123
4093320276,Victor,Gurry,vgurry5d@mtv.com,Genderqueer,198.255.253.57,13 - Special Construction,China,Huishi,Å’â€Â´â€°Ë‡ÃÂ¨Ë†Ã˜âˆâ€â€™,Finance,10-200 - Louvers and Vents,$7.74 ,123
4290701086,Tiphani,Metschke,tmetschke5e@slashdot.org,Female,172.235.209.32,1-518 - Temporary Water,China,Bagou,null,n/a,2-783 - Interlocking Concrete Unit Paving,$8.09 ,123
2468539397,Orel,Bloxsum,obloxsum5f@samsung.com,Genderfluid,105.19.121.31,16-500 - Lighting,China,Taoyuan,ã€‚ãƒ»:*:ãƒ»ã‚œâ€™( â˜» Ï‰ â˜» )ã€‚ãƒ»:*:ãƒ»ã‚œâ€™,Finance,11 - Equipment,$1.69 ,123
3939988243,Sigmund,Ambrogiotti,sambrogiotti5g@timesonline.co.uk,Genderfluid,130.232.39.128,3-600 - Grouts,Russia,Pospelikha,Ù¡Ù¢Ù£,Health Care,10-520 - Fire Protection Specialties,$6.50 ,123
6063308253,Parrnell,Glazyer,pglazyer5h@w3.org,Male,34.145.213.160,7 - Thermal and Moisture Protection,Iran,Qohord-e BÄlÄ,å’Œè£½æ¼¢èª,Finance,15-600 - Refrigeration Equipment,$1.88 ,123
245474579,Merrielle,Organ,morgan5i@reference.com,Non-binary,39.18.216.210,2-625 - Retaining Wall Drainage Piping,Colombia,MistratÃ³,Ù¡Ù¢Ù£,Public Utilities,13-175 - Ice Rinks,$0.56 ,123
,,,,,,,,,,,,,
,,,,,,,,,,,,,
,,,,,,,,,,,,,
,,,,,,,,,,,,,
,,,,,,,,,,,,,
,,,,,,,,,,,,,
,,,,,,,,,,,,,
,,,,,,,,,,,,,
,,,,,,,,,,,,,
,,,,,,,,,,,,,
,,,,,,,,,,,,,
,,,,,,,,,,,,,
,,,,,,,,,,,,,
,,,,,,,,,,,,,
,,,,,,,,,,,,,
,,,,,,,,,,,,,
,,,,,,,,,,,,,
,,,,,,,,,,,,,
,,,,,,,,,,,,,
,,,,,,,,,,,,,
,,,,,,,,,,,,,
,,,,,,,,,,,,,
,,,,,,,,,,,,,
,,,,,,,,,,,,,
,,,,,,,,,,,,,
,,,,,,,,,,,,,
,,,,,,,,,,,,,
,,,,,,,,,,,,,
,,,,,,,,,,,,,
,,,,,,,,,,,,,
,,,,,,,,,,,,,
,,,,,,,,,,,,,
,,,,,,,,,,,,,
,,,,,,,,,,,,,
,,,,,,,,,,,,,
,,,,,,,,,,,,,
,,,,,,,,,,,,,
,,,,,,,,,,,,,
,,,,,,,,,,,,,
,,,,,,,,,,,,,
,,,,,,,,,,,,,
,,,,,,,,,,,,,
,,,,,,,,,,,,,
,,,,,,,,,,,,,
,,,,,,,,,,,,,
,,,,,,,,,,,,,
,,,,,,,,,,,,,
,,,,,,,,,,,,,
,,,,,,,,,,,,,
,,,,,,,,,,,,,
,,,,,,,,,,,,,
,,,,,,,,,,,,,
,,,,,,,,,,,,,
,,,,,,,,,,,,,
,,,,,,,,,,,,,
,,,,,,,,,,,,,
,,,,,,,,,,,,,
,,,,,,,,,,,,,
,,,,,,,,,,,,,
,,,,,,,,,,,,,
,,,,,,,,,,,,,
,,,,,,,,,,,,,
,,,,,,,,,,,,,
,,,,,,,,,,,,,
,,,,,,,,,,,,,
,,,,,,,,,,,,,
,,,,,,,,,,,,,
,,,,,,,,,,,,,
,,,,,,,,,,,,,
,,,,,,,,,,,,,
,,,,,,,,,,,,,
,,,,,,,,,,,,,
,,,,,,,,,,,,,
,,,,,,,,,,,,,
,,,,,,,,,,,,,
,,,,,,,,,,,,,
,,,,,,,,,,,,,
,,,,,,,,,,,,,
,,,,,,,,,,,,,
,,,,,,,,,,,,,
,,,,,,,,,,,,,
,,,,,,,,,,,,,
,,,,,,,,,,,,,
,,,,,,,,,,,,,
,,,,,,,,,,,,,
,,,,,,,,,,,,,
,,,,,,,,,,,,,
,,,,,,,,,,,,,
,,,,,,,,,,,,,
,,,,,,,,,,,,,
,,,,,,,,,,,,,
,,,,,,,,,,,,,
,,,,,,,,,,,,,
,,,,,,,,,,,,,
,,,,,,,,,,,,,
,,,,,,,,,,,,,
,,,,,,,,,,,,,
,,,,,,,,,,,,,
,,,,,,,,,,,,,
,,,,,,,,,,,,,
,,,,,,,,,,,,,
,,,,,,,,,,,,,
,,,,,,,,,,,,,
,,,,,,,,,,,,,
,,,,,,,,,,,,,
,,,,,,,,,,,,,
,,,,,,,,,,,,,
,,,,,,,,,,,,,
,,,,,,,,,,,,,
,,,,,,,,,,,,,
,,,,,,,,,,,,,
,,,,,,,,,,,,,
,,,,,,,,,,,,,
,,,,,,,,,,,,,
,,,,,,,,,,,,,
,,,,,,,,,,,,,
,,,,,,,,,,,,,
,,,,,,,,,,,,,
,,,,,,,,,,,,,
,,,,,,,,,,,,,
,,,,,,,,,,,,,
,,,,,,,,,,,,,
,,,,,,,,,,,,,
,,,,,,,,,,,,,
,,,,,,,,,,,,,
,,,,,,,,,,,,,
,,,,,,,,,,,,,
,,,,,,,,,,,,,
,,,,,,,,,,,,,
,,,,,,,,,,,,,
,,,,,,,,,,,,,
,,,,,,,,,,,,,
,,,,,,,,,,,,,
,,,,,,,,,,,,,
,,,,,,,,,,,,,
,,,,,,,,,,,,,
,,,,,,,,,,,,,
,,,,,,,,,,,,,
,,,,,,,,,,,,,
,,,,,,,,,,,,,
,,,,,,,,,,,,,
,,,,,,,,,,,,,
,,,,,,,,,,,,,
,,,,,,,,,,,,,
,,,,,,,,,,,,,
,,,,,,,,,,,,,
,,,,,,,,,,,,,
,,,,,,,,,,,,,
,,,,,,,,,,,,,
,,,,,,,,,,,,,
,,,,,,,,,,,,,
,,,,,,,,,,,,,
,,,,,,,,,,,,,
,,,,,,,,,,,,,
,,,,,,,,,,,,,
,,,,,,,,,,,,,
,,,,,,,,,,,,,
,,,,,,,,,,,,,
,,,,,,,,,,,,,
,,,,,,,,,,,,,
,,,,,,,,,,,,,
,,,,,,,,,,,,,
,,,,,,,,,,,,,
,,,,,,,,,,,,,
,,,,,,,,,,,,,
,,,,,,,,,,,,,
,,,,,,,,,,,,,
,,,,,,,,,,,,,
,,,,,,,,,,,,,
,,,,,,,,,,,,,
,,,,,,,,,,,,,
,,,,,,,,,,,,,
,,,,,,,,,,,,,
,,,,,,,,,,,,,
,,,,,,,,,,,,,
,,,,,,,,,,,,,
,,,,,,,,,,,,,
,,,,,,,,,,,,,
,,,,,,,,,,,,,
,,,,,,,,,,,,,
,,,,,,,,,,,,,
,,,,,,,,,,,,,
,,,,,,,,,,,,,
,,,,,,,,,,,,,
,,,,,,,,,,,,,
,,,,,,,,,,,,,
,,,,,,,,,,,,,
,,,,,,,,,,,,,
,,,,,,,,,,,,,
,,,,,,,,,,,,,
,,,,,,,,,,,,,
,,,,,,,,,,,,,
,,,,,,,,,,,,,
,,,,,,,,,,,,,
,,,,,,,,,,,,,
,,,,,,,,,,,,,
,,,,,,,,,,,,,
,,,,,,,,,,,,,
,,,,,,,,,,,,,
,,,,,,,,,,,,,
,,,,,,,,,,,,,
,,,,,,,,,,,,,
,,,,,,,,,,,,,
,,,,,,,,,,,,,
,,,,,,,,,,,,,
,,,,,,,,,,,,,
,,,,,,,,,,,,,
,,,,,,,,,,,,,
,,,,,,,,,,,,,
,,,,,,,,,,,,,
,,,,,,,,,,,,,
,,,,,,,,,,,,,
,,,,,,,,,,,,,
,,,,,,,,,,,,,
,,,,,,,,,,,,,
,,,,,,,,,,,,,
,,,,,,,,,,,,,
,,,,,,,,,,,,,
,,,,,,,,,,,,,
,,,,,,,,,,,,,
,,,,,,,,,,,,,
,,,,,,,,,,,,,
,,,,,,,,,,,,,
,,,,,,,,,,,,,
,,,,,,,,,,,,,
,,,,,,,,,,,,,
,,,,,,,,,,,,,
,,,,,,,,,,,,,
,,,,,,,,,,,,,
,,,,,,,,,,,,,
,,,,,,,,,,,,,
,,,,,,,,,,,,,
,,,,,,,,,,,,,
,,,,,,,,,,,,,
,,,,,,,,,,,,,
,,,,,,,,,,,,,
,,,,,,,,,,,,,
,,,,,,,,,,,,,
,,,,,,,,,,,,,
,,,,,,,,,,,,,
,,,,,,,,,,,,,
,,,,,,,,,,,,,
,,,,,,,,,,,,,
,,,,,,,,,,,,,
,,,,,,,,,,,,,
,,,,,,,,,,,,,
,,,,,,,,,,,,,
,,,,,,,,,,,,,
,,,,,,,,,,,,,
,,,,,,,,,,,,,
,,,,,,,,,,,,,
,,,,,,,,,,,,,
,,,,,,,,,,,,,
,,,,,,,,,,,,,
,,,,,,,,,,,,,
,,,,,,,,,,,,,
,,,,,,,,,,,,,
,,,,,,,,,,,,,
,,,,,,,,,,,,,
,,,,,,,,,,,,,
,,,,,,,,,,,,,
,,,,,,,,,,,,,
,,,,,,,,,,,,,
,,,,,,,,,,,,,
,,,,,,,,,,,,,
,,,,,,,,,,,,,
,,,,,,,,,,,,,
,,,,,,,,,,,,,
,,,,,,,,,,,,,
,,,,,,,,,,,,,
,,,,,,,,,,,,,
,,,,,,,,,,,,,
,,,,,,,,,,,,,
,,,,,,,,,,,,,
,,,,,,,,,,,,,
,,,,,,,,,,,,,
,,,,,,,,,,,,,
,,,,,,,,,,,,,
,,,,,,,,,,,,,
,,,,,,,,,,,,,
,,,,,,,,,,,,,
,,,,,,,,,,,,,
,,,,,,,,,,,,,
,,,,,,,,,,,,,
,,,,,,,,,,,,,
,,,,,,,,,,,,,
,,,,,,,,,,,,,
,,,,,,,,,,,,,
,,,,,,,,,,,,,
,,,,,,,,,,,,,
,,,,,,,,,,,,,
,,,,,,,,,,,,,
,,,,,,,,,,,,,
,,,,,,,,,,,,,
,,,,,,,,,,,,,
,,,,,,,,,,,,,
,,,,,,,,,,,,,
,,,,,,,,,,,,,
,,,,,,,,,,,,,
,,,,,,,,,,,,,
,,,,,,,,,,,,,
,,,,,,,,,,,,,
,,,,,,,,,,,,,
,,,,,,,,,,,,,
,,,,,,,,,,,,,
,,,,,,,,,,,,,
,,,,,,,,,,,,,
,,,,,,,,,,,,,
,,,,,,,,,,,,,
,,,,,,,,,,,,,
,,,,,,,,,,,,,
,,,,,,,,,,,,,
,,,,,,,,,,,,,
,,,,,,,,,,,,,
,,,,,,,,,,,,,
,,,,,,,,,,,,,
,,,,,,,,,,,,,
,,,,,,,,,,,,,
,,,,,,,,,,,,,
,,,,,,,,,,,,,
,,,,,,,,,,,,,
,,,,,,,,,,,,,
,,,,,,,,,,,,,
,,,,,,,,,,,,,
,,,,,,,,,,,,,
,,,,,,,,,,,,,
,,,,,,,,,,,,,
,,,,,,,,,,,,,
,,,,,,,,,,,,,
,,,,,,,,,,,,,
,,,,,,,,,,,,,
,,,,,,,,,,,,,
,,,,,,,,,,,,,
,,,,,,,,,,,,,
,,,,,,,,,,,,,
,,,,,,,,,,,,,
,,,,,,,,,,,,,
,,,,,,,,,,,,,
,,,,,,,,,,,,,
,,,,,,,,,,,,,
,,,,,,,,,,,,,
,,,,,,,,,,,,,
,,,,,,,,,,,,,
,,,,,,,,,,,,,
,,,,,,,,,,,,,
,,,,,,,,,,,,,
,,,,,,,,,,,,,
,,,,,,,,,,,,,
,,,,,,,,,,,,,
,,,,,,,,,,,,,
,,,,,,,,,,,,,
,,,,,,,,,,,,,
,,,,,,,,,,,,,
,,,,,,,,,,,,,
,,,,,,,,,,,,,
,,,,,,,,,,,,,
,,,,,,,,,,,,,
,,,,,,,,,,,,,
,,,,,,,,,,,,,
,,,,,,,,,,,,,
,,,,,,,,,,,,,
,,,,,,,,,,,,,
,,,,,,,,,,,,,
,,,,,,,,,,,,,
,,,,,,,,,,,,,
,,,,,,,,,,,,,
,,,,,,,,,,,,,
,,,,,,,,,,,,,
,,,,,,,,,,,,,
,,,,,,,,,,,,,
,,,,,,,,,,,,,
,,,,,,,,,,,,,
,,,,,,,,,,,,,
,,,,,,,,,,,,,
,,,,,,,,,,,,,
,,,,,,,,,,,,,
,,,,,,,,,,,,,
,,,,,,,,,,,,,
,,,,,,,,,,,,,
,,,,,,,,,,,,,
,,,,,,,,,,,,,
,,,,,,,,,,,,,
,,,,,,,,,,,,,
,,,,,,,,,,,,,
,,,,,,,,,,,,,
,,,,,,,,,,,,,
,,,,,,,,,,,,,
,,,,,,,,,,,,,
,,,,,,,,,,,,,
,,,,,,,,,,,,,
,,,,,,,,,,,,,
,,,,,,,,,,,,,
,,,,,,,,,,,,,
,,,,,,,,,,,,,
,,,,,,,,,,,,,
,,,,,,,,,,,,,
,,,,,,,,,,,,,
,,,,,,,,,,,,,
,,,,,,,,,,,,,
,,,,,,,,,,,,,
,,,,,,,,,,,,,
,,,,,,,,,,,,,
,,,,,,,,,,,,,
,,,,,,,,,,,,,
,,,,,,,,,,,,,
,,,,,,,,,,,,,
,,,,,,,,,,,,,
,,,,,,,,,,,,,
,,,,,,,,,,,,,
,,,,,,,,,,,,,
,,,,,,,,,,,,,
,,,,,,,,,,,,,
,,,,,,,,,,,,,
,,,,,,,,,,,,,
,,,,,,,,,,,,,
,,,,,,,,,,,,,
,,,,,,,,,,,,,
,,,,,,,,,,,,,
,,,,,,,,,,,,,
,,,,,,,,,,,,,
,,,,,,,,,,,,,
,,,,,,,,,,,,,
,,,,,,,,,,,,,
,,,,,,,,,,,,,
,,,,,,,,,,,,,
,,,,,,,,,,,,,
,,,,,,,,,,,,,
,,,,,,,,,,,,,
,,,,,,,,,,,,,
,,,,,,,,,,,,,
,,,,,,,,,,,,,
,,,,,,,,,,,,,
,,,,,,,,,,,,,
,,,,,,,,,,,,,
,,,,,,,,,,,,,
,,,,,,,,,,,,,
,,,,,,,,,,,,,
,,,,,,,,,,,,,
,,,,,,,,,,,,,
,,,,,,,,,,,,,
,,,,,,,,,,,,,
,,,,,,,,,,,,,
,,,,,,,,,,,,,
,,,,,,,,,,,,,
,,,,,,,,,,,,,
,,,,,,,,,,,,,
,,,,,,,,,,,,,
,,,,,,,,,,,,,
,,,,,,,,,,,,,
,,,,,,,,,,,,,
,,,,,,,,,,,,,
,,,,,,,,,,,,,
,,,,,,,,,,,,,
,,,,,,,,,,,,,
,,,,,,,,,,,,,
,,,,,,,,,,,,,
,,,,,,,,,,,,,
,,,,,,,,,,,,,
,,,,,,,,,,,,,
,,,,,,,,,,,,,
,,,,,,,,,,,,,
,,,,,,,,,,,,,
,,,,,,,,,,,,,
,,,,,,,,,,,,,
,,,,,,,,,,,,,
,,,,,,,,,,,,,
,,,,,,,,,,,,,
,,,,,,,,,,,,,
,,,,,,,,,,,,,
,,,,,,,,,,,,,
,,,,,,,,,,,,,
,,,,,,,,,,,,,
,,,,,,,,,,,,,
,,,,,,,,,,,,,
,,,,,,,,,,,,,
,,,,,,,,,,,,,
,,,,,,,,,,,,,
,,,,,,,,,,,,,
,,,,,,,,,,,,,
,,,,,,,,,,,,,
,,,,,,,,,,,,,
,,,,,,,,,,,,,
,,,,,,,,,,,,,
,,,,,,,,,,,,,
,,,,,,,,,,,,,
,,,,,,,,,,,,,
,,,,,,,,,,,,,
,,,,,,,,,,,,,
,,,,,,,,,,,,,
,,,,,,,,,,,,,
,,,,,,,,,,,,,
,,,,,,,,,,,,,
,,,,,,,,,,,,,
,,,,,,,,,,,,,
,,,,,,,,,,,,,
,,,,,,,,,,,,,
,,,,,,,,,,,,,
,,,,,,,,,,,,,
,,,,,,,,,,,,,
,,,,,,,,,,,,,
,,,,,,,,,,,,,
,,,,,,,,,,,,,
,,,,,,,,,,,,,
,,,,,,,,,,,,,
,,,,,,,,,,,,,
,,,,,,,,,,,,,
,,,,,,,,,,,,,
,,,,,,,,,,,,,
,,,,,,,,,,,,,
,,,,,,,,,,,,,
,,,,,,,,,,,,,
,,,,,,,,,,,,,
,,,,,,,,,,,,,
,,,,,,,,,,,,,
,,,,,,,,,,,,,
,,,,,,,,,,,,,
,,,,,,,,,,,,,
,,,,,,,,,,,,,
,,,,,,,,,,,,,
,,,,,,,,,,,,,
,,,,,,,,,,,,,
,,,,,,,,,,,,,
,,,,,,,,,,,,,
,,,,,,,,,,,,,
,,,,,,,,,,,,,
,,,,,,,,,,,,,
,,,,,,,,,,,,,
,,,,,,,,,,,,,
,,,,,,,,,,,,,
,,,,,,,,,,,,,
,,,,,,,,,,,,,
,,,,,,,,,,,,,
,,,,,,,,,,,,,
,,,,,,,,,,,,,
,,,,,,,,,,,,,
,,,,,,,,,,,,,
,,,,,,,,,,,,,
,,,,,,,,,,,,,
,,,,,,,,,,,,,
,,,,,,,,,,,,,
,,,,,,,,,,,,,
,,,,,,,,,,,,,
,,,,,,,,,,,,,
,,,,,,,,,,,,,
,,,,,,,,,,,,,
,,,,,,,,,,,,,
,,,,,,,,,,,,,
,,,,,,,,,,,,,
,,,,,,,,,,,,,
,,,,,,,,,,,,,
,,,,,,,,,,,,,
,,,,,,,,,,,,,
,,,,,,,,,,,,,
,,,,,,,,,,,,,
,,,,,,,,,,,,,
,,,,,,,,,,,,,
,,,,,,,,,,,,,
,,,,,,,,,,,,,
,,,,,,,,,,,,,
,,,,,,,,,,,,,
,,,,,,,,,,,,,
,,,,,,,,,,,,,
,,,,,,,,,,,,,
,,,,,,,,,,,,,
,,,,,,,,,,,,,
,,,,,,,,,,,,,
,,,,,,,,,,,,,
,,,,,,,,,,,,,
,,,,,,,,,,,,,
,,,,,,,,,,,,,
,,,,,,,,,,,,,
,,,,,,,,,,,,,
,,,,,,,,,,,,,
,,,,,,,,,,,,,
,,,,,,,,,,,,,
,,,,,,,,,,,,,
,,,,,,,,,,,,,
,,,,,,,,,,,,,
,,,,,,,,,,,,,
,,,,,,,,,,,,,
,,,,,,,,,,,,,
,,,,,,,,,,,,,
,,,,,,,,,,,,,
,,,,,,,,,,,,,
,,,,,,,,,,,,,
,,,,,,,,,,,,,
,,,,,,,,,,,,,
,,,,,,,,,,,,,
,,,,,,,,,,,,,
,,,,,,,,,,,,,
,,,,,,,,,,,,,
,,,,,,,,,,,,,
,,,,,,,,,,,,,
,,,,,,,,,,,,,
,,,,,,,,,,,,,
,,,,,,,,,,,,,
,,,,,,,,,,,,,
,,,,,,,,,,,,,
,,,,,,,,,,,,,
,,,,,,,,,,,,,
,,,,,,,,,,,,,
,,,,,,,,,,,,,
,,,,,,,,,,,,,
,,,,,,,,,,,,,
,,,,,,,,,,,,,
,,,,,,,,,,,,,
,,,,,,,,,,,,,
,,,,,,,,,,,,,
,,,,,,,,,,,,,
,,,,,,,,,,,,,
,,,,,,,,,,,,,
,,,,,,,,,,,,,
,,,,,,,,,,,,,
,,,,,,,,,,,,,
,,,,,,,,,,,,,
,,,,,,,,,,,,,
,,,,,,,,,,,,,
,,,,,,,,,,,,,
,,,,,,,,,,,,,
,,,,,,,,,,,,,
,,,,,,,,,,,,,
,,,,,,,,,,,,,
,,,,,,,,,,,,,
,,,,,,,,,,,,,
,,,,,,,,,,,,,
,,,,,,,,,,,,,
,,,,,,,,,,,,,
,,,,,,,,,,,,,
,,,,,,,,,,,,,
,,,,,,,,,,,,,
,,,,,,,,,,,,,
,,,,,,,,,,,,,
,,,,,,,,,,,,,
,,,,,,,,,,,,,
,,,,,,,,,,,,,
,,,,,,,,,,,,,
,,,,,,,,,,,,,
,,,,,,,,,,,,,
,,,,,,,,,,,,,
,,,,,,,,,,,,,
,,,,,,,,,,,,,
,,,,,,,,,,,,,
,,,,,,,,,,,,,
,,,,,,,,,,,,,
,,,,,,,,,,,,,
,,,,,,,,,,,,,
,,,,,,,,,,,,,
,,,,,,,,,,,,,
,,,,,,,,,,,,,
,,,,,,,,,,,,,
,,,,,,,,,,,,,
,,,,,,,,,,,,,
,,,,,,,,,,,,,
,,,,,,,,,,,,,
,,,,,,,,,,,,,
,,,,,,,,,,,,,
,,,,,,,,,,,,,
,,,,,,,,,,,,,
,,,,,,,,,,,,,
,,,,,,,,,,,,,
,,,,,,,,,,,,,
,,,,,,,,,,,,,
,,,,,,,,,,,,,
,,,,,,,,,,,,,
,,,,,,,,,,,,,
,,,,,,,,,,,,,
,,,,,,,,,,,,,
,,,,,,,,,,,,,
,,,,,,,,,,,,,
,,,,,,,,,,,,,
,,,,,,,,,,,,,
,,,,,,,,,,,,,
,,,,,,,,,,,,,
,,,,,,,,,,,,,
,,,,,,,,,,,,,
,,,,,,,,,,,,,
,,,,,,,,,,,,,
,,,,,,,,,,,,,
,,,,,,,,,,,,,
,,,,,,,,,,,,,
,,,,,,,,,,,,,
,,,,,,,,,,,,,
,,,,,,,,,,,,,
,,,,,,,,,,,,,
,,,,,,,,,,,,,
,,,,,,,,,,,,,
,,,,,,,,,,,,,
,,,,,,,,,,,,,
,,,,,,,,,,,,,
,,,,,,,,,,,,,
,,,,,,,,,,,,,
,,,,,,,,,,,,,
,,,,,,,,,,,,,
,,,,,,,,,,,,,
,,,,,,,,,,,,,
,,,,,,,,,,,,,
,,,,,,,,,,,,,
,,,,,,,,,,,,,
,,,,,,,,,,,,,
,,,,,,,,,,,,,
,,,,,,,,,,,,,
,,,,,,,,,,,,,
,,,,,,,,,,,,,
,,,,,,,,,,,,,
,,,,,,,,,,,,,
,,,,,,,,,,,,,
,,,,,,,,,,,,,
,,,,,,,,,,,,,
,,,,,,,,,,,,,
,,,,,,,,,,,,,
,,,,,,,,,,,,,
,,,,,,,,,,,,,
,,,,,,,,,,,,,
,,,,,,,,,,,,,
,,,,,,,,,,,,,
,,,,,,,,,,,,,
,,,,,,,,,,,,,
,,,,,,,,,,,,,
,,,,,,,,,,,,,
,,,,,,,,,,,,,
,,,,,,,,,,,,,
,,,,,,,,,,,,,
,,,,,,,,,,,,,
,,,,,,,,,,,,,
,,,,,,,,,,,,,
,,,,,,,,,,,,,
,,,,,,,,,,,,,
,,,,,,,,,,,,,
,,,,,,,,,,,,,
,,,,,,,,,,,,,
,,,,,,,,,,,,,
,,,,,,,,,,,,,
,,,,,,,,,,,,,
,,,,,,,,,,,,,
,,,,,,,,,,,,,
,,,,,,,,,,,,,
,,,,,,,,,,,,,
,,,,,,,,,,,,,
,,,,,,,,,,,,,
,,,,,,,,,,,,,
,,,,,,,,,,,,,
,,,,,,,,,,,,,
,,,,,,,,,,,,,
,,,,,,,,,,,,,
,,,,,,,,,,,,,
,,,,,,,,,,,,,
,,,,,,,,,,,,,
,,,,,,,,,,,,,
,,,,,,,,,,,,,
,,,,,,,,,,,,,
,,,,,,,,,,,,,
,,,,,,,,,,,,,
,,,,,,,,,,,,,
,,,,,,,,,,,,,
,,,,,,,,,,,,,
,,,,,,,,,,,,,
,,,,,,,,,,,,,
,,,,,,,,,,,,,
,,,,,,,,,,,,,
,,,,,,,,,,,,,
,,,,,,,,,,,,,
,,,,,,,,,,,,,
,,,,,,,,,,,,,
,,,,,,,,,,,,,
,,,,,,,,,,,,,
,,,,,,,,,,,,,
,,,,,,,,,,,,,
,,,,,,,,,,,,,
,,,,,,,,,,,,,
,,,,,,,,,,,,,
,,,,,,,,,,,,,
,,,,,,,,,,,,,
,,,,,,,,,,,,,
,,,,,,,,,,,,,
,,,,,,,,,,,,,
,,,,,,,,,,,,,
,,,,,,,,,,,,,
,,,,,,,,,,,,,
,,,,,,,,,,,,,
,,,,,,,,,,,,,
,,,,,,,,,,,,,
,,,,,,,,,,,,,
,,,,,,,,,,,,,
,,,,,,,,,,,,,
,,,,,,,,,,,,,
,,,,,,,,,,,,,
,,,,,,,,,,,,,
,,,,,,,,,,,,,
,,,,,,,,,,,,,
,,,,,,,,,,,,,
,,,,,,,,,,,,,
,,,,,,,,,,,,,
,,,,,,,,,,,,,
,,,,,,,,,,,,,
,,,,,,,,,,,,,
,,,,,,,,,,,,,
,,,,,,,,,,,,,
,,,,,,,,,,,,,
,,,,,,,,,,,,,
,,,,,,,,,,,,,
,,,,,,,,,,,,,
